<?xml version="1.0" encoding="UTF-8"?>
<project-private xmlns="http://www.netbeans.org/ns/project-private/1">
    <editor-bookmarks xmlns="http://www.netbeans.org/ns/editor-bookmarks/2" lastBookmarkId="0"/>
    <open-files xmlns="http://www.netbeans.org/ns/projectui-open-files/2">
        <group>
            <file>file:/D:/3rd%20Semester/OODJ/Assignment/University%20Food%20Ordering%20System/src/models/Order.java</file>
            <file>file:/D:/3rd%20Semester/OODJ/Assignment/University%20Food%20Ordering%20System/src/views/VendorView.java</file>
            <file>file:/D:/3rd%20Semester/OODJ/Assignment/University%20Food%20Ordering%20System/src/views/AdministratorView.java</file>
            <file>file:/D:/3rd%20Semester/OODJ/Assignment/University%20Food%20Ordering%20System/src/views/LoginView.java</file>
            <file>file:/D:/3rd%20Semester/OODJ/Assignment/University%20Food%20Ordering%20System/src/views/DeleteUserView.java</file>
            <file>file:/D:/3rd%20Semester/OODJ/Assignment/University%20Food%20Ordering%20System/src/models/Administrator.java</file>
            <file>file:/D:/3rd%20Semester/OODJ/Assignment/University%20Food%20Ordering%20System/src/views/DeliveryRunnerView.java</file>
            <file>file:/D:/3rd%20Semester/OODJ/Assignment/University%20Food%20Ordering%20System/src/utils/FileManager.java</file>
            <file>file:/D:/3rd%20Semester/OODJ/Assignment/University%20Food%20Ordering%20System/src/views/RegistrationView.java</file>
            <file>file:/D:/3rd%20Semester/OODJ/Assignment/University%20Food%20Ordering%20System/src/models/MenuItem.java</file>
            <file>file:/D:/3rd%20Semester/OODJ/Assignment/University%20Food%20Ordering%20System/src/services/UserService.java</file>
            <file>file:/D:/3rd%20Semester/OODJ/Assignment/University%20Food%20Ordering%20System/src/models/Transaction.java</file>
            <file>file:/D:/3rd%20Semester/OODJ/Assignment/University%20Food%20Ordering%20System/src/models/Vendor.java</file>
            <file>file:/D:/3rd%20Semester/OODJ/Assignment/University%20Food%20Ordering%20System/src/models/User.java</file>
            <file>file:/D:/3rd%20Semester/OODJ/Assignment/University%20Food%20Ordering%20System/src/utils/NotificationSystem.java</file>
            <file>file:/D:/3rd%20Semester/OODJ/Assignment/University%20Food%20Ordering%20System/src/services/PaymentService.java</file>
            <file>file:/D:/3rd%20Semester/OODJ/Assignment/University%20Food%20Ordering%20System/src/views/UpdateUserView.java</file>
            <file>file:/D:/3rd%20Semester/OODJ/Assignment/University%20Food%20Ordering%20System/src/models/DeliveryRunner.java</file>
            <file>file:/D:/3rd%20Semester/OODJ/Assignment/University%20Food%20Ordering%20System/src/views/CustomerView.java</file>
            <file>file:/D:/3rd%20Semester/OODJ/Assignment/University%20Food%20Ordering%20System/src/models/Customer.java</file>
            <file>file:/D:/3rd%20Semester/OODJ/Assignment/University%20Food%20Ordering%20System/src/services/OrderService.java</file>
            <file>file:/D:/3rd%20Semester/OODJ/Assignment/University%20Food%20Ordering%20System/src/views/ViewUsersView.java</file>
            <file>file:/D:/3rd%20Semester/OODJ/Assignment/University%20Food%20Ordering%20System/src/university/food/ordering/system/Main.java</file>
        </group>
    </open-files>
</project-private>
